{"cameraMode":{"drawMode":0,"name":"Shaded","section":"Shading Mode"},"sceneLighting":false,"audioPlay":false,"sceneViewState":{"showFog":true,"showMaterialUpdate":false,"showSkybox":true,"showFlares":true,"showImageEffects":true,"showParticleSystems":true},"in2DMode":false,"pivot":{"x":2.0633599758148195,"y":-1.5490455627441407,"z":3.985208034515381},"rotation":{"x":-0.2496756911277771,"y":-0.36203038692474368,"z":0.10129082947969437,"w":-0.892376720905304},"size":2.8578836917877199,"orthographic":false}